<?xml version="1.0" encoding="utf-8"?>
<!DOCTYPE install PUBLIC "-//Joomla! 2.5//DTD template 1.0//EN" "http://www.joomla.org/xml/dtd/2.5/template-install.dtd">
<extension version="3.0" type="template" client="site" method="upgrade">
	<name>tpl_ribafs_bootstrap4</name>
	<version>1.0</version>
	<creationDate>Novembro 2017</creationDate>
	<author>Ribamar FS</author>
	<authorEmail>ola@ribafs.org</authorEmail>
	<copyright>Copyright (C) 2017 Ribamar FS. All rights reserved.</copyright>
	<description><![CDATA[
		Template criado do zero, melhor, partindo do tempalte <a href="https://startbootstrap.com/template-overviews/creative/">com Bootstrap 4</a>.
Lembre de publicar os módulos <b>logo</b> na posição logo e <b>menu</b> na posição menu. Veja que no xml tem várias posições que não foram implementadas no index.php ainda.
	]]>
	</description>
	<scriptfile />
	<files>
		<filename>component.php</filename>
		<filename>error.php</filename>
		<filename>favicon.ico</filename>
		<filename>index.html</filename>
		<filename>index.php</filename>
		<filename>offline.php</filename>
		<filename>LICENSE</filename>
		<filename>README.md</filename>
		<filename>template_preview.png</filename>
		<filename>template_thumbnail.png</filename>
		<filename>templateDetails.xml</filename>
		<folder>css</folder>
		<folder>img</folder>
		<folder>vendor</folder>
		<folder>html</folder>
		<folder>js</folder>
	</files>
	<positions>
		<position>logo</position>
		<position>menu</position>
		<position>breadcrumbs</position>
		<position>slider</position>
		<position>novidades</position>
		<position>populares</position>
		<position>left</position>
		<!-- message e component -->
		<position>right</position>
		<position>footer</position>
		<position>debug</position>
	</positions>
	<config>
		<fields name="params">
			<fieldset name="advanced">
				<field 
					name="apreTitulo" 
					type="text" 
					label="Título de Apresentação"
					description="Título de Apresentação do Site" 
					class="" 
					default="Template para Joomla 3"
				/>
				<field 
					name="apreDescricao" 
					type="text" 
					label="Descrição da Apresentação"
					description="Descrição da Apresentação do Site" 
					class="" 
					default="Este é um template criado partindo do zero, melhor, partindo de outro template com o Bootstrap 4, que fica no site: https://startbootstrap.com/template-overviews/creative/."
				/>
				<field 
					name="objetivo" 
					type="text" 
					label="Objetivo do Site"
					description="Título do Objetivo do Site" 
					class="" 
					default="Principal Objetivo deste Site"
				/>
				<field 
					name="objetivoDescricao" 
					type="text" 
					label="Descrição do Objetivo do Site"
					description="Descrição do Objetivo do Site" 
					class="" 
					default="Este template tem como objetivo principal divulgar uma empresa, um produto ou um profissional."
				/>
				<field 
					name="gratuitos" 
					type="text" 
					label="Material Gratuito"
					description="Título do Material Gratuito" 
					class="" 
					default="Material Gratuito do Site"
				/>
			</fieldset>
		</fields>
	</config>
</extension>

